,Album,Artist,Metascore,User Score,Release Date,Summary,Link to Album Page,Link to Artist Page,Publisher,Link to Publisher Page,Album Cover Image,Album Genres,No. of Critic Reviews,Link to Critic Reviews,No. of User Reviews,Link to User Reviews,Link to more Details and Album Credits,Amazon Link
0,Ten Freedom Summers,Wadada Leo Smith,99,4.3,"May 22, 2012",The four-disc set from the jazz trumpeter was inspired by the Civil Rights Movement.,https://www.metacritic.com/music/ten-freedom-summers/wadada-leo-smith,https://www.metacritic.com/person/wadada-leo-smith,Cuneiform Records,['https://www.metacritic.com/company/cuneiform-records'],Cuneiform Records,"Genre(s): 
Jazz",8,https://www.metacritic.com/music/ten-freedom-summers/wadada-leo-smith/critic-reviews,196 Ratings,https://www.metacritic.com/music/ten-freedom-summers/wadada-leo-smith/user-reviews,https://www.metacritic.com/music/ten-freedom-summers/wadada-leo-smith/details,http://www.amazon.com/Ten-Freedom-Summers-Wadada-Smith/dp/B007JZFX9C%3FSubscriptionId%3DAKIAJHSMUOWEQCQ7QDAQ%26tag%3Dmetacritic-music-20%26linkCode%3Dxm2%26camp%3D2025%26creative%3D165953%26creativeASIN%3DB007JZFX9C
1,Fetch the Bolt Cutters,Fiona Apple,98,8.1,"April 17, 2020","The fifth full-length studio release for the alternative singer-songwriter was self-produced and features contributions from Davíd Garza, Sebastian Steinberg, and Amy Aileen Wood.",https://www.metacritic.com/music/fetch-the-bolt-cutters/fiona-apple,https://www.metacritic.com/person/fiona-apple,Epic,['https://www.metacritic.com/company/epic'],Epic,"Genre(s): 
Pop/Rock
Adult Alternative Pop/Rock
Alternative/Indie Rock
Alternative Singer/Songwriter",28,https://www.metacritic.com/music/fetch-the-bolt-cutters/fiona-apple/critic-reviews,1309 Ratings,https://www.metacritic.com/music/fetch-the-bolt-cutters/fiona-apple/user-reviews,https://www.metacritic.com/music/fetch-the-bolt-cutters/fiona-apple/details,https://www.amazon.com/dp/B0872JGR7D%3FSubscriptionId%3DAKIAJHSMUOWEQCQ7QDAQ%26tag%3Dmetacritic-music-20%26linkCode%3Dxm2%26camp%3D2025%26creative%3D165953%26creativeASIN%3DB0872JGR7D
2,SMiLE,Brian Wilson,97,7.9,"September 28, 2004","Well, better 37 years late than never. Originally intended to be the Beach Boys' 1967 follow-up to their legendary 'Pet Sounds,' 'Smile' was finally recorded as originally intended in April 2004 by Wilson and his current band, including co-songwriter Van Dyke Parks.",https://www.metacritic.com/music/smile/brian-wilson,https://www.metacritic.com/person/brian-wilson,Nonesuch,['https://www.metacritic.com/company/nonesuch'],Nonesuch,"Genre(s): 
Rock
Pop",29,https://www.metacritic.com/music/smile/brian-wilson/critic-reviews,512 Ratings,https://www.metacritic.com/music/smile/brian-wilson/user-reviews,https://www.metacritic.com/music/smile/brian-wilson/details,
3,Van Lear Rose,Loretta Lynn,97,8.4,"April 27, 2004","It's been over 40 years since she released her first album (and four since her last, 2000's 'Still Country'), but the coal miner's daughter returns to the spotlight with this 13-track effort (all Lynn-penned originals), produced by The White Stripes' Jack White.",https://www.metacritic.com/music/van-lear-rose/loretta-lynn,https://www.metacritic.com/person/loretta-lynn,Interscope,['https://www.metacritic.com/company/interscope'],Interscope,"Genre(s): 
Country",27,https://www.metacritic.com/music/van-lear-rose/loretta-lynn/critic-reviews,139 Ratings,https://www.metacritic.com/music/van-lear-rose/loretta-lynn/user-reviews,https://www.metacritic.com/music/van-lear-rose/loretta-lynn/details,
4,To Pimp A Butterfly,Kendrick Lamar,96,8.9,"March 16, 2015","The third full-length studio release from the hip hop artist features guest appearances from Bilal, George Clinton, James Fauntleroy, Ronald Isley, Rapsody, Snoop Dogg, Thundercat, and Anna Wise.",https://www.metacritic.com/music/to-pimp-a-butterfly/kendrick-lamar,https://www.metacritic.com/person/kendrick-lamar,Interscope / Aftermath,['https://www.metacritic.com/company/interscope-aftermath'],Interscope / Aftermath,"Genre(s): 
Rap",44,https://www.metacritic.com/music/to-pimp-a-butterfly/kendrick-lamar/critic-reviews,3949 Ratings,https://www.metacritic.com/music/to-pimp-a-butterfly/kendrick-lamar/user-reviews,https://www.metacritic.com/music/to-pimp-a-butterfly/kendrick-lamar/details,http://www.amazon.com/dp/B00UDDM7K0%3FSubscriptionId%3DAKIAJHSMUOWEQCQ7QDAQ%26tag%3Dmetacritic-music-20%26linkCode%3Dxm2%26camp%3D2025%26creative%3D165953%26creativeASIN%3DB00UDDM7K0
5,Ghosteen,Nick Cave & the Bad Seeds,96,8.6,"October 4, 2019",The 17th full-length studio release for Australian rock band is influenced in part by the accidental death of Nick Cave's 15-year old son in 2015 and is considered the third and final part of trilogy of albums that includes 2013's Push the Sky Away and 2016's Skeleton Tree.,https://www.metacritic.com/music/ghosteen/nick-cave-the-bad-seeds,https://www.metacritic.com/person/nick-cave-the-bad-seeds,Ghosteen,['https://www.metacritic.com/company/ghosteen'],Ghosteen,"Genre(s): 
Pop/Rock",28,https://www.metacritic.com/music/ghosteen/nick-cave-the-bad-seeds/critic-reviews,279 Ratings,https://www.metacritic.com/music/ghosteen/nick-cave-the-bad-seeds/user-reviews,https://www.metacritic.com/music/ghosteen/nick-cave-the-bad-seeds/details,https://www.amazon.com/dp/B07XJ8D9Z7%3FSubscriptionId%3DAKIAJHSMUOWEQCQ7QDAQ%26tag%3Dmetacritic-music-20%26linkCode%3Dxm2%26camp%3D2025%26creative%3D165953%26creativeASIN%3DB07XJ8D9Z7
6,Histoire de Melody Nelson,Serge Gainsbourg,96,8.8,"March 24, 2009",The US release of Serge Gainsbourg's 1971 album featuring Jane Birkin in the classic Ballade de Melody Nelson.,https://www.metacritic.com/music/histoire-de-melody-nelson/serge-gainsbourg,https://www.metacritic.com/person/serge-gainsbourg,Light In The Attic,['https://www.metacritic.com/company/light-in-the-attic'],Light In The Attic,"Genre(s): 
Rock
Pop",9,https://www.metacritic.com/music/histoire-de-melody-nelson/serge-gainsbourg/critic-reviews,63 Ratings,https://www.metacritic.com/music/histoire-de-melody-nelson/serge-gainsbourg/user-reviews,https://www.metacritic.com/music/histoire-de-melody-nelson/serge-gainsbourg/details,
7,DAMN.,Kendrick Lamar,95,8.4,"April 14, 2017","The fourth full-length studio release for the Compton rapper features guest appearances from Rihanna, U2, and Zacari.",https://www.metacritic.com/music/damn/kendrick-lamar,https://www.metacritic.com/person/kendrick-lamar,Aftermath,['https://www.metacritic.com/company/aftermath'],Aftermath,"Genre(s): 
Rap",39,https://www.metacritic.com/music/damn/kendrick-lamar/critic-reviews,3095 Ratings,https://www.metacritic.com/music/damn/kendrick-lamar/user-reviews,https://www.metacritic.com/music/damn/kendrick-lamar/details,https://www.amazon.com/DAMN-Kendrick-Lamar/dp/B06Y4DGVZC?SubscriptionId=AKIAJHSMUOWEQCQ7QDAQ&tag=metacritic-music-20&linkCode=xm2&camp=2025&creative=165953&creativeASIN=B06Y4DGVZC
8,Stankonia,Outkast,95,8.8,"October 31, 2000","Featuring the hit singles ""B.O.B."" and ""Ms. Jackson,"" 'Stankonia' was a commercial and critical hit for the innovative Atlanta hip-hop duo of Dré and Big Boi.",https://www.metacritic.com/music/stankonia/outkast,https://www.metacritic.com/person/outkast,Arista/La Face,['https://www.metacritic.com/company/aristala-face'],Arista/La Face,"Genre(s): 
Rap",20,https://www.metacritic.com/music/stankonia/outkast/critic-reviews,447 Ratings,https://www.metacritic.com/music/stankonia/outkast/user-reviews,https://www.metacritic.com/music/stankonia/outkast/details,
9,Rough and Rowdy Ways,Bob Dylan,95,7.6,"June 19, 2020",The first new studio release of new music for the singer-songwriter in eight years.,https://www.metacritic.com/music/rough-and-rowdy-ways/bob-dylan,https://www.metacritic.com/person/bob-dylan,Columbia,['https://www.metacritic.com/company/columbia'],Columbia,"Genre(s): 
Pop/Rock",25,https://www.metacritic.com/music/rough-and-rowdy-ways/bob-dylan/critic-reviews,187 Ratings,https://www.metacritic.com/music/rough-and-rowdy-ways/bob-dylan/user-reviews,https://www.metacritic.com/music/rough-and-rowdy-ways/bob-dylan/details,https://www.amazon.com/dp/B0884BK38T%3FSubscriptionId%3DAKIAJHSMUOWEQCQ7QDAQ%26tag%3Dmetacritic-music-20%26linkCode%3Dxm2%26camp%3D2025%26creative%3D165953%26creativeASIN%3DB0884BK38T
10,Black Messiah,D'Angelo,95,8.8,"December 15, 2014","The first release in 14 years for the R&B singer features songs co-written with Q-Tip and Kendra Foster as well as co-production from James Gadson, Pino Palladino,and Questlove.",https://www.metacritic.com/music/black-messiah/dangelo,https://www.metacritic.com/person/dangelo,RCA,['https://www.metacritic.com/company/rca'],RCA,"Genre(s): 
R&B
Soul
Funk",30,https://www.metacritic.com/music/black-messiah/dangelo/critic-reviews,385 Ratings,https://www.metacritic.com/music/black-messiah/dangelo/user-reviews,https://www.metacritic.com/music/black-messiah/dangelo/details,
11,Conflict Of Interest,Ghetts,95,6.6,"February 19, 2021","The third full-length studio release for the British grime artist features guest appearances from BackRoad Gee, Dave, Giggs, Hamzaaand, Jaykae, Aida Lae, Miraa May, Pa Salieu, Emeli Sande, Moonchild Sanelly, Ed Sheeran, Skepta, Stormzy, and Wretch 32.",https://www.metacritic.com/music/conflict-of-interest/ghetts,https://www.metacritic.com/person/ghetts,Warner Records,['https://www.metacritic.com/company/warner-records'],Warner Records,"Genre(s): 
Electronic
Rap
R&B
British Rap
Grime",7,https://www.metacritic.com/music/conflict-of-interest/ghetts/critic-reviews,60 Ratings,https://www.metacritic.com/music/conflict-of-interest/ghetts/user-reviews,https://www.metacritic.com/music/conflict-of-interest/ghetts/details,https://www.amazon.com/dp/B08TCH9C7P%3FSubscriptionId%3DAKIAJHSMUOWEQCQ7QDAQ%26tag%3Dmetacritic-music-20%26linkCode%3Dxm2%26camp%3D2025%26creative%3D165953%26creativeASIN%3DB08TCH9C7P
12,Skeleton Tree,Nick Cave & the Bad Seeds,95,8.3,"September 9, 2016","Nick Cave's 15-year-old son died in an accident while he was working on the alternative rock band's 16th album. The recording sessions were filmed for Andrew Dominik's documentary, One More Time With Feel.",https://www.metacritic.com/music/skeleton-tree/nick-cave-the-bad-seeds,https://www.metacritic.com/person/nick-cave-the-bad-seeds,Bad Seeds Ltd.,['https://www.metacritic.com/company/bad-seeds-ltd'],Bad Seeds Ltd.,"Genre(s): 
Pop/Rock
Alternative/Indie Rock
Alternative Singer/Songwriter
Post-Punk",36,https://www.metacritic.com/music/skeleton-tree/nick-cave-the-bad-seeds/critic-reviews,385 Ratings,https://www.metacritic.com/music/skeleton-tree/nick-cave-the-bad-seeds/user-reviews,https://www.metacritic.com/music/skeleton-tree/nick-cave-the-bad-seeds/details,http://www.amazon.com/dp/B01GINERYM%3FSubscriptionId%3DAKIAJHSMUOWEQCQ7QDAQ%26tag%3Dmetacritic-music-20%26linkCode%3Dxm2%26camp%3D2025%26creative%3D165953%26creativeASIN%3DB01GINERYM
13,Savane,Ali Farka Toure,94,8.4,"July 25, 2006","'Savane' is the final album from the acclaimed guitarist from Mali, who died in March 2006 after a three-decade recording career which found him injecting American blues into traditional African music.",https://www.metacritic.com/music/savane/ali-farka-toure,https://www.metacritic.com/person/ali-farka-toure,Nonesuch,['https://www.metacritic.com/company/nonesuch'],Nonesuch,"Genre(s): 
World",11,https://www.metacritic.com/music/savane/ali-farka-toure/critic-reviews,66 Ratings,https://www.metacritic.com/music/savane/ali-farka-toure/user-reviews,https://www.metacritic.com/music/savane/ali-farka-toure/details,
14,My Beautiful Dark Twisted Fantasy,Kanye West,94,8.4,"November 22, 2010","Breaking traditional mainstream hip-hop guidelines, Kanye West's latest release features epic raps and long instrumental variations for his most innovative album to date.",https://www.metacritic.com/music/my-beautiful-dark-twisted-fantasy/kanye-west,https://www.metacritic.com/person/kanye-west,Def Jam,['https://www.metacritic.com/company/def-jam'],Def Jam,"Genre(s): 
Pop
Rap
Pop/Rock
Midwest Rap
Pop-Rap",45,https://www.metacritic.com/music/my-beautiful-dark-twisted-fantasy/kanye-west/critic-reviews,3472 Ratings,https://www.metacritic.com/music/my-beautiful-dark-twisted-fantasy/kanye-west/user-reviews,https://www.metacritic.com/music/my-beautiful-dark-twisted-fantasy/kanye-west/details,http://www.amazon.com/My-Beautiful-Dark-Twisted-Fantasy/dp/B003X2O6KW%3FSubscriptionId%3DAKIAJHSMUOWEQCQ7QDAQ%26tag%3Dmetacritic-music-20%26linkCode%3Dxm2%26camp%3D2025%26creative%3D165953%26creativeASIN%3DB003X2O6KW
15,Madvillainy,Madvillain,93,8.9,"March 23, 2004",'Madvillainy' is a collaboration between rapper MF Doom and producer Madlib.,https://www.metacritic.com/music/madvillainy/madvillain,https://www.metacritic.com/person/madvillain,Stones Throw,['https://www.metacritic.com/company/stones-throw'],Stones Throw,"Genre(s): 
Indie
Rap",20,https://www.metacritic.com/music/madvillainy/madvillain/critic-reviews,738 Ratings,https://www.metacritic.com/music/madvillainy/madvillain/user-reviews,https://www.metacritic.com/music/madvillainy/madvillain/details,
16,A Crow Looked at Me,Mount Eerie,93,8.0,"March 24, 2017",The eighth full-length release for the music project of Phil Elverum was written after the death of his wife from cancer in July 2016.,https://www.metacritic.com/music/a-crow-looked-at-me/mount-eerie,https://www.metacritic.com/person/mount-eerie,P.W. Elverum & Sun Ltd.,['https://www.metacritic.com/company/pw-elverum-sun-ltd'],P.W. Elverum & Sun Ltd.,"Genre(s): 
Pop/Rock
Alternative/Indie Rock
Alternative Singer/Songwriter",18,https://www.metacritic.com/music/a-crow-looked-at-me/mount-eerie/critic-reviews,307 Ratings,https://www.metacritic.com/music/a-crow-looked-at-me/mount-eerie/user-reviews,https://www.metacritic.com/music/a-crow-looked-at-me/mount-eerie/details,http://www.amazon.com/dp/B01MT7IMX8%3FSubscriptionId%3DAKIAJHSMUOWEQCQ7QDAQ%26tag%3Dmetacritic-music-20%26linkCode%3Dxm2%26camp%3D2025%26creative%3D165953%26creativeASIN%3DB01MT7IMX8
17,Room 25,Noname,93,8.4,"September 14, 2018",The debut full-length release for the Los Angeles-based Chicago rapper was self-released.,https://www.metacritic.com/music/room-25/noname,https://www.metacritic.com/person/noname,Self-released,['https://www.metacritic.com/company/self-released'],Self-released,"Genre(s): 
Rap",17,https://www.metacritic.com/music/room-25/noname/critic-reviews,243 Ratings,https://www.metacritic.com/music/room-25/noname/user-reviews,https://www.metacritic.com/music/room-25/noname/details,https://www.amazon.com/dp/B07H9G8MWT%3FSubscriptionId%3DAKIAJHSMUOWEQCQ7QDAQ%26tag%3Dmetacritic-music-20%26linkCode%3Dxm2%26camp%3D2025%26creative%3D165953%26creativeASIN%3DB07H9G8MWT
18,Live At Reading,Nirvana,93,8.8,"November 3, 2009",The entire performance by Nirvana at 1992's Reading Festival is released both as a CD and DVD.,https://www.metacritic.com/music/live-at-reading/nirvana,https://www.metacritic.com/person/nirvana,Geffen,['https://www.metacritic.com/company/geffen'],Geffen,"Genre(s): 
Rock
Alternative
Live",15,https://www.metacritic.com/music/live-at-reading/nirvana/critic-reviews,157 Ratings,https://www.metacritic.com/music/live-at-reading/nirvana/user-reviews,https://www.metacritic.com/music/live-at-reading/nirvana/details,
19,Love And Theft,Bob Dylan,93,8.8,"September 11, 2001","Picking up where 1997's resurgent 'Time Out of Mind' left off, 'Love And Theft' finds the 60-year-old Dylan self-producing the album's 12 tracks.",https://www.metacritic.com/music/love-and-theft/bob-dylan,https://www.metacritic.com/person/bob-dylan,Sony/Columbia,['https://www.metacritic.com/company/sonycolumbia'],Sony/Columbia,"Genre(s): 
Rock",20,https://www.metacritic.com/music/love-and-theft/bob-dylan/critic-reviews,159 Ratings,https://www.metacritic.com/music/love-and-theft/bob-dylan/user-reviews,https://www.metacritic.com/music/love-and-theft/bob-dylan/details,
20,My Dusty Road,Woody Guthrie,93,7.2,"August 25, 2009",The four-disc set includes Woody Guthrie's recordings from the mid-1940s in a definitive collection.,https://www.metacritic.com/music/my-dusty-road/woody-guthrie,https://www.metacritic.com/person/woody-guthrie,Rounder,['https://www.metacritic.com/company/rounder'],Rounder,"Genre(s): 
Folk
Singer-Songwriter",10,https://www.metacritic.com/music/my-dusty-road/woody-guthrie/critic-reviews,12 Ratings,https://www.metacritic.com/music/my-dusty-road/woody-guthrie/user-reviews,https://www.metacritic.com/music/my-dusty-road/woody-guthrie/details,
21,On the Impossible Past,The Menzingers,93,8.0,"February 21, 2012",The third full-length release from the punk rock band from Pennsylvania is its first on Epitaph Records.,https://www.metacritic.com/music/on-the-impossible-past/the-menzingers,https://www.metacritic.com/person/the-menzingers,Epitaph,['https://www.metacritic.com/company/epitaph'],Epitaph,"Genre(s): 
Pop/Rock
Alternative/Indie Rock
Alternative Pop/Rock",9,https://www.metacritic.com/music/on-the-impossible-past/the-menzingers/critic-reviews,47 Ratings,https://www.metacritic.com/music/on-the-impossible-past/the-menzingers/user-reviews,https://www.metacritic.com/music/on-the-impossible-past/the-menzingers/details,http://www.amazon.com/On-Impossible-Past-The-Menzingers/dp/B006OAB2SO%3FSubscriptionId%3DAKIAJHSMUOWEQCQ7QDAQ%26tag%3Dmetacritic-music-20%26linkCode%3Dxm2%26camp%3D2025%26creative%3D165953%26creativeASIN%3DB006OAB2SO
22,Prioritise Pleasure,Self Esteem,92,7.8,"October 22, 2021",The second full-length solo release for Slow Club's Rebecca Taylor was produced by Johan Karlberg.,https://www.metacritic.com/music/prioritise-pleasure/self-esteem,https://www.metacritic.com/person/self-esteem,Fiction,['https://www.metacritic.com/company/fiction'],Fiction,"Genre(s): 
Pop/Rock",12,https://www.metacritic.com/music/prioritise-pleasure/self-esteem/critic-reviews,58 Ratings,https://www.metacritic.com/music/prioritise-pleasure/self-esteem/user-reviews,https://www.metacritic.com/music/prioritise-pleasure/self-esteem/details,https://www.amazon.com/dp/B096KZPR11%3Ftag%3Dmetacritic-music-20%26linkCode%3Dosi%26th%3D1%26psc%3D1
23,Lemonade,Beyoncé,92,8.0,"April 23, 2016",The sixth solo studio album for the singer premiered as an hour-long HBO special before streaming on Tidal. A physical release is set for May 6.,https://www.metacritic.com/music/lemonade/beyonce,https://www.metacritic.com/person/beyonce,Parkwood,['https://www.metacritic.com/company/parkwood'],Parkwood,"Genre(s): 
Pop
R&B",33,https://www.metacritic.com/music/lemonade/beyonce/critic-reviews,3704 Ratings,https://www.metacritic.com/music/lemonade/beyonce/user-reviews,https://www.metacritic.com/music/lemonade/beyonce/details,https://www.amazon.com/dp/B01EPOY1AQ%3FSubscriptionId%3DAKIAJHSMUOWEQCQ7QDAQ%26tag%3Dmetacritic-music-20%26linkCode%3Dxm2%26camp%3D2025%26creative%3D165953%26creativeASIN%3DB01EPOY1AQ
24,Ants From Up There,"Black Country, New Road",92,9.3,"February 4, 2022","The second full-length release for the British post-rock band Black Country, New Road is its last with frontman and co-founder Isaac Wood, who announced he was leaving the band in January 2022.",https://www.metacritic.com/music/ants-from-up-there/black-country-new-road,https://www.metacritic.com/person/black-country-new-road,Ninja Tune,['https://www.metacritic.com/company/ninja-tune'],Ninja Tune,"Genre(s): 
Pop/Rock
Alternative/Indie Rock
New Wave/Post-Punk Revival
Experimental Rock",20,https://www.metacritic.com/music/ants-from-up-there/black-country-new-road/critic-reviews,105 Ratings,https://www.metacritic.com/music/ants-from-up-there/black-country-new-road/user-reviews,https://www.metacritic.com/music/ants-from-up-there/black-country-new-road/details,https://www.amazon.com/dp/B09HZKHF3F%3Ftag%3Dmetacritic-music-20%26linkCode%3Dosi%26th%3D1%26psc%3D1
25,Pull Up Some Dust and Sit Down,Ry Cooder,92,6.9,"August 29, 2011",The Grammy-award winning musician returns with a concept album about corruption in America.,https://www.metacritic.com/music/pull-up-some-dust-and-sit-down/ry-cooder,https://www.metacritic.com/person/ry-cooder,Nonesuch,['https://www.metacritic.com/company/nonesuch'],Nonesuch,"Genre(s): 
Pop/Rock
Roots Rock",14,https://www.metacritic.com/music/pull-up-some-dust-and-sit-down/ry-cooder/critic-reviews,14 Ratings,https://www.metacritic.com/music/pull-up-some-dust-and-sit-down/ry-cooder/user-reviews,https://www.metacritic.com/music/pull-up-some-dust-and-sit-down/ry-cooder/details,http://www.amazon.com/Pull-Some-Dust-Sit-Down/dp/B005BY8MSM%3FSubscriptionId%3DAKIAJHSMUOWEQCQ7QDAQ%26tag%3Dmetacritic-music-20%26linkCode%3Dxm2%26camp%3D2025%26creative%3D165953%26creativeASIN%3DB005BY8MSM
26,Sunbather,Deafheaven,92,8.5,"June 11, 2013",The second full-length studio release for the San Francisco-based black metal band formed by George Clarke and Kerry McCoy was produced by Jack Shirley.,https://www.metacritic.com/music/sunbather/deafheaven,https://www.metacritic.com/person/deafheaven,Deathwish Records,['https://www.metacritic.com/company/deathwish-records'],Deathwish Records,"Genre(s): 
Pop/Rock
Alternative/Indie Rock
Post-Rock
Heavy Metal
Black Metal",18,https://www.metacritic.com/music/sunbather/deafheaven/critic-reviews,413 Ratings,https://www.metacritic.com/music/sunbather/deafheaven/user-reviews,https://www.metacritic.com/music/sunbather/deafheaven/details,http://www.amazon.com/Sunbather-Deafheaven/dp/B00CCEHX5W%3FSubscriptionId%3DAKIAJHSMUOWEQCQ7QDAQ%26tag%3Dmetacritic-music-20%26linkCode%3Dxm2%26camp%3D2025%26creative%3D165953%26creativeASIN%3DB00CCEHX5W
27,Glow On,Turnstile,92,8.3,"August 27, 2021",The third full-length release for the Baltimore hardcore punk band features a guest appearance from Blood Orange and was recorded with producer Mike Elizondo.,https://www.metacritic.com/music/glow-on/turnstile,https://www.metacritic.com/person/turnstile,Roadrunner Records,['https://www.metacritic.com/company/roadrunner-records'],Roadrunner Records,"Genre(s): 
Pop/Rock",13,https://www.metacritic.com/music/glow-on/turnstile/critic-reviews,69 Ratings,https://www.metacritic.com/music/glow-on/turnstile/user-reviews,https://www.metacritic.com/music/glow-on/turnstile/details,https://www.amazon.com/dp/B099BYQNKY?tag=metacritic-music-20&linkCode=osi&th=1&psc=1
28,"Orphans: Brawlers, Bawlers & Bastards",Tom Waits,92,8.8,"November 21, 2006","Unlike typical rarities compilations, this 3-disc set includes 30 brand-new recordings--in addition to the usual mix of covers, soundtrack selections, and other previously uncompiled material. It's like getting three new Waits albums at once.",https://www.metacritic.com/music/orphans-brawlers-bawlers-bastards/tom-waits,https://www.metacritic.com/person/tom-waits,Anti,['https://www.metacritic.com/company/anti'],Anti,"Genre(s): 
Rock",32,https://www.metacritic.com/music/orphans-brawlers-bawlers-bastards/tom-waits/critic-reviews,167 Ratings,https://www.metacritic.com/music/orphans-brawlers-bawlers-bastards/tom-waits/user-reviews,https://www.metacritic.com/music/orphans-brawlers-bawlers-bastards/tom-waits/details,
29,Time Will Die and Love Will Bury It,Rolo Tomassi,92,7.2,"March 2, 2018",The fifth full-length studio release for the British rock band was recorded and mixed by Lewis Johns.,https://www.metacritic.com/music/time-will-die-and-love-will-bury-it/rolo-tomassi,https://www.metacritic.com/person/rolo-tomassi,Holy Roar,['https://www.metacritic.com/company/holy-roar'],Holy Roar,"Genre(s): 
Pop/Rock",7,https://www.metacritic.com/music/time-will-die-and-love-will-bury-it/rolo-tomassi/critic-reviews,87 Ratings,https://www.metacritic.com/music/time-will-die-and-love-will-bury-it/rolo-tomassi/user-reviews,https://www.metacritic.com/music/time-will-die-and-love-will-bury-it/rolo-tomassi/details,http://www.amazon.com/dp/B0776ZDP65%3FSubscriptionId%3DAKIAJHSMUOWEQCQ7QDAQ%26tag%3Dmetacritic-music-20%26linkCode%3Dxm2%26camp%3D2025%26creative%3D165953%26creativeASIN%3DB0776ZDP65
30,Boy In Da Corner,Dizzee Rascal,92,8.8,"January 20, 2004","This is the debut disc for the 18-year-old London-based rapper (born Dylan Mills), who has been heralded by (among others) Uncut magazine as ""good as any MC currently active on Earth.""",https://www.metacritic.com/music/boy-in-da-corner/dizzee-rascal,https://www.metacritic.com/person/dizzee-rascal,Matador / XL,['https://www.metacritic.com/company/matador-xl'],Matador / XL,"Genre(s): 
Electronic
Rap",28,https://www.metacritic.com/music/boy-in-da-corner/dizzee-rascal/critic-reviews,191 Ratings,https://www.metacritic.com/music/boy-in-da-corner/dizzee-rascal/user-reviews,https://www.metacritic.com/music/boy-in-da-corner/dizzee-rascal/details,
31,You Want It Darker,Leonard Cohen,92,8.4,"October 21, 2016",The 14th full-length studio release for the Canadian singer-songwriter was produced by his son.,https://www.metacritic.com/music/you-want-it-darker/leonard-cohen,https://www.metacritic.com/person/leonard-cohen,Columbia,['https://www.metacritic.com/company/columbia'],Columbia,"Genre(s): 
Pop/Rock",28,https://www.metacritic.com/music/you-want-it-darker/leonard-cohen/critic-reviews,182 Ratings,https://www.metacritic.com/music/you-want-it-darker/leonard-cohen/user-reviews,https://www.metacritic.com/music/you-want-it-darker/leonard-cohen/details,http://www.amazon.com/You-Want-Darker-Leonard-Cohen/dp/B01KN6XDS6%3FSubscriptionId%3DAKIAJHSMUOWEQCQ7QDAQ%26tag%3Dmetacritic-music-20%26linkCode%3Dxm2%26camp%3D2025%26creative%3D165953%26creativeASIN%3DB01KN6XDS6
32,Channel Orange,Frank Ocean,92,8.9,"July 17, 2012","Love and life in Los Angeles is the theme of the debut release on Def Jam for Frank Ocean, who earlier this month posted online the liner notes for this album describing a relationship he had with a man.",https://www.metacritic.com/music/channel-orange/frank-ocean,https://www.metacritic.com/person/frank-ocean,Def Jam,['https://www.metacritic.com/company/def-jam'],Def Jam,"Genre(s): 
R&B",46,https://www.metacritic.com/music/channel-orange/frank-ocean/critic-reviews,1074 Ratings,https://www.metacritic.com/music/channel-orange/frank-ocean/user-reviews,https://www.metacritic.com/music/channel-orange/frank-ocean/details,
33,The Satanist,Behemoth,92,8.6,"February 4, 2014","The tenth studio release for the Polish black/death metal band was produced with Daniel Bergstrand, Slawek Wieslawscy and Wojtek Wieslawscy.",https://www.metacritic.com/music/the-satanist/behemoth,https://www.metacritic.com/person/behemoth,Metal Blade,['https://www.metacritic.com/company/metal-blade'],Metal Blade,"Genre(s): 
Pop/Rock
Heavy Metal",10,https://www.metacritic.com/music/the-satanist/behemoth/critic-reviews,128 Ratings,https://www.metacritic.com/music/the-satanist/behemoth/user-reviews,https://www.metacritic.com/music/the-satanist/behemoth/details,http://www.amazon.com/Satanist-Behemoth/dp/B00HAH7H5W%3FSubscriptionId%3DAKIAJHSMUOWEQCQ7QDAQ%26tag%3Dmetacritic-music-20%26linkCode%3Dxm2%26camp%3D2025%26creative%3D165953%26creativeASIN%3DB00HAH7H5W
34,Elephant,The White Stripes,92,8.6,"April 1, 2003","For their major label debut (and fourth LP overall), the Detroit-based duo of Jack and Meg White offer up 14 new tracks, all recorded in London and (fortunately) showing absolutely no trace of major label production values. Meg White takes a rare turn behind the microphone on a couple of tracks, as does guest Holly Golightly on the closing ""It's True That We Love One Another.""",https://www.metacritic.com/music/elephant/the-white-stripes,https://www.metacritic.com/person/the-white-stripes,V2,['https://www.metacritic.com/company/v2'],V2,"Genre(s): 
Indie
Rock",28,https://www.metacritic.com/music/elephant/the-white-stripes/critic-reviews,451 Ratings,https://www.metacritic.com/music/elephant/the-white-stripes/user-reviews,https://www.metacritic.com/music/elephant/the-white-stripes/details,
35,We're All Alone In This Together,Dave,92,8.8,"July 23, 2021","The second full-length studio release for the British rapper features guest appearances from Snoh Aalegra, James Blake, Boj, Stormzy, and WizKid.",https://www.metacritic.com/music/were-all-alone-in-this-together/dave,https://www.metacritic.com/person/dave,N/A,['https://www.metacritic.com/company/na'],N/A,"Genre(s): 
Rap",11,https://www.metacritic.com/music/were-all-alone-in-this-together/dave/critic-reviews,98 Ratings,https://www.metacritic.com/music/were-all-alone-in-this-together/dave/user-reviews,https://www.metacritic.com/music/were-all-alone-in-this-together/dave/details,https://www.amazon.com/dp/B098TMBGVB%3Ftag%3Dmetacritic-music-20%26linkCode%3Dosi%26th%3D1%26psc%3D1
36,Titanic Rising,Weyes Blood,91,9.1,"April 5, 2019",The fourth full-length release for Natalie Mering was co-produced with Foxygen's Jonathan Rado.,https://www.metacritic.com/music/titanic-rising/weyes-blood,https://www.metacritic.com/person/weyes-blood,Sub Pop,['https://www.metacritic.com/company/sub-pop'],Sub Pop,"Genre(s): 
Pop/Rock
Alternative/Indie Rock",26,https://www.metacritic.com/music/titanic-rising/weyes-blood/critic-reviews,419 Ratings,https://www.metacritic.com/music/titanic-rising/weyes-blood/user-reviews,https://www.metacritic.com/music/titanic-rising/weyes-blood/details,https://www.amazon.com/Titanic-Rising-Weyes-Blood/dp/B07NPBXJ85?SubscriptionId=AKIAJHSMUOWEQCQ7QDAQ&tag=metacritic-music-20&linkCode=xm2&camp=2025&creative=165953&creativeASIN=B07NPBXJ85
37,Carnage,Nick Cave & Warren Ellis,91,7.8,"February 25, 2021",The surprise release for the latest full-length collaboration between Nick Cave and Warren Ellis was recorded over a week.,https://www.metacritic.com/music/carnage/nick-cave-warren-ellis,https://www.metacritic.com/person/nick-cave-warren-ellis,N/A,['https://www.metacritic.com/company/na'],N/A,"Genre(s): 
Pop/Rock",21,https://www.metacritic.com/music/carnage/nick-cave-warren-ellis/critic-reviews,71 Ratings,https://www.metacritic.com/music/carnage/nick-cave-warren-ellis/user-reviews,https://www.metacritic.com/music/carnage/nick-cave-warren-ellis/details,https://www.amazon.com/dp/B08W7LW4KG%3FSubscriptionId%3DAKIAJHSMUOWEQCQ7QDAQ%26tag%3Dmetacritic-music-20%26linkCode%3Dxm2%26camp%3D2025%26creative%3D165953%26creativeASIN%3DB08W7LW4KG
38,Melodrama,Lorde,91,8.9,"June 16, 2017",The second full-length release for the New Zealand pop singer-songwriter was produced with Jack Antonoff.,https://www.metacritic.com/music/melodrama/lorde,https://www.metacritic.com/person/lorde,Republic,['https://www.metacritic.com/company/republic'],Republic,"Genre(s): 
Pop/Rock",32,https://www.metacritic.com/music/melodrama/lorde/critic-reviews,4324 Ratings,https://www.metacritic.com/music/melodrama/lorde/user-reviews,https://www.metacritic.com/music/melodrama/lorde/details,http://www.amazon.com/dp/B06XH924LG%3FSubscriptionId%3DAKIAJHSMUOWEQCQ7QDAQ%26tag%3Dmetacritic-music-20%26linkCode%3Dxm2%26camp%3D2025%26creative%3D165953%26creativeASIN%3DB06XH924LG
39,Speakerboxxx/The Love Below,Outkast,91,8.7,"September 23, 2003","This Grammy-winning follow-up to their smash 2000 hit 'Stankonia' is an OutKast album in name only, as it is structured in the form of two solo discs: one each for Big Boi (Speakerboxxx) and Andre 3000 (The Love Below).",https://www.metacritic.com/music/speakerboxxxthe-love-below/outkast,https://www.metacritic.com/person/outkast,La Face,['https://www.metacritic.com/company/la-face'],La Face,"Genre(s): 
Rap",26,https://www.metacritic.com/music/speakerboxxxthe-love-below/outkast/critic-reviews,393 Ratings,https://www.metacritic.com/music/speakerboxxxthe-love-below/outkast/user-reviews,https://www.metacritic.com/music/speakerboxxxthe-love-below/outkast/details,
40,Set My Heart on Fire Immediately,Perfume Genius,91,8.5,"May 15, 2020",The fifth full-length release for Mike Hadreas as Perfume Genius was produced with Blake Mills.,https://www.metacritic.com/music/set-my-heart-on-fire-immediately/perfume-genius,https://www.metacritic.com/person/perfume-genius,Matador,['https://www.metacritic.com/company/matador'],Matador,"Genre(s): 
Pop/Rock",25,https://www.metacritic.com/music/set-my-heart-on-fire-immediately/perfume-genius/critic-reviews,180 Ratings,https://www.metacritic.com/music/set-my-heart-on-fire-immediately/perfume-genius/user-reviews,https://www.metacritic.com/music/set-my-heart-on-fire-immediately/perfume-genius/details,https://www.amazon.com/dp/B0851M9L5H%3FSubscriptionId%3DAKIAJHSMUOWEQCQ7QDAQ%26tag%3Dmetacritic-music-20%26linkCode%3Dxm2%26camp%3D2025%26creative%3D165953%26creativeASIN%3DB0851M9L5H
41,Red (Taylor's Version),Taylor Swift,91,9.2,"November 12, 2021","The new recording of Taylor Swift's fourth studio album features nine previously unreleased songs that include guest appearances from Phoebe Bridgers, Ed Sheeran, and Chris Stapleton.",https://www.metacritic.com/music/red-taylors-version/taylor-swift,https://www.metacritic.com/person/taylor-swift,Republic,['https://www.metacritic.com/company/republic'],Republic,"Genre(s): 
Pop/Rock",16,https://www.metacritic.com/music/red-taylors-version/taylor-swift/critic-reviews,2373 Ratings,https://www.metacritic.com/music/red-taylors-version/taylor-swift/user-reviews,https://www.metacritic.com/music/red-taylors-version/taylor-swift/details,https://www.amazon.com/dp/B09BY285F9?tag=metacritic-music-20&linkCode=osi&th=1&psc=1
42,"Home, Like Noplace Is There",The Hotelier,91,8.4,"February 25, 2014",This is the second full-length release for the Massachusetts indie rock quartet formerly known as The Hotel Year.,https://www.metacritic.com/music/home-like-noplace-is-there/the-hotelier,https://www.metacritic.com/person/the-hotelier,Tiny Engines,['https://www.metacritic.com/company/tiny-engines'],Tiny Engines,"Genre(s): 
Pop/Rock",8,https://www.metacritic.com/music/home-like-noplace-is-there/the-hotelier/critic-reviews,60 Ratings,https://www.metacritic.com/music/home-like-noplace-is-there/the-hotelier/user-reviews,https://www.metacritic.com/music/home-like-noplace-is-there/the-hotelier/details,http://www.amazon.com/dp/B00IDKB8GO%3FSubscriptionId%3DAKIAJHSMUOWEQCQ7QDAQ%26tag%3Dmetacritic-music-20%26linkCode%3Dxm2%26camp%3D2025%26creative%3D165953%26creativeASIN%3DB00IDKB8GO
43,"Good Kid, M.A.A.D City",Kendrick Lamar,91,8.9,"October 22, 2012","The official major label debut studio album for the Compton rapper features guest appearances from Dr. Dre, Drake, Jay Rock, And MC Eiht.",https://www.metacritic.com/music/good-kid-maad-city/kendrick-lamar,https://www.metacritic.com/person/kendrick-lamar,Aftermath Records,['https://www.metacritic.com/company/aftermath-records'],Aftermath Records,"Genre(s): 
Rap",36,https://www.metacritic.com/music/good-kid-maad-city/kendrick-lamar/critic-reviews,2140 Ratings,https://www.metacritic.com/music/good-kid-maad-city/kendrick-lamar/user-reviews,https://www.metacritic.com/music/good-kid-maad-city/kendrick-lamar/details,http://www.amazon.com/Good-Kid-M-A-A-D-Kendrick-Lamar/dp/B0090X4HES%3FSubscriptionId%3DAKIAJHSMUOWEQCQ7QDAQ%26tag%3Dmetacritic-music-20%26linkCode%3Dxm2%26camp%3D2025%26creative%3D165953%26creativeASIN%3DB0090X4HES
44,A Grand Don't Come For Free,The Streets,91,7.9,"May 18, 2004","Mike Skinner returns with the inenviable job of following up his genre-smashing debut 'Original Pirate Material,' which was an enormous critical and commercial hit in the UK and paved the way for the success of later acts such as Dizzee Rascal.",https://www.metacritic.com/music/a-grand-dont-come-for-free/the-streets,https://www.metacritic.com/person/the-streets,Vice / 679,['https://www.metacritic.com/company/vice-679'],Vice / 679,"Genre(s): 
Electronic
Rap",30,https://www.metacritic.com/music/a-grand-dont-come-for-free/the-streets/critic-reviews,225 Ratings,https://www.metacritic.com/music/a-grand-dont-come-for-free/the-streets/user-reviews,https://www.metacritic.com/music/a-grand-dont-come-for-free/the-streets/details,
45,The Myth of the Happily Ever After,Biffy Clyro,91,7.8,"October 22, 2021",The latest full-length release for the Scottish alternative rock band was produced with Adam Noble.,https://www.metacritic.com/music/the-myth-of-the-happily-ever-after/biffy-clyro,https://www.metacritic.com/person/biffy-clyro,Warner Records,['https://www.metacritic.com/company/warner-records'],Warner Records,"Genre(s): 
Pop/Rock",8,https://www.metacritic.com/music/the-myth-of-the-happily-ever-after/biffy-clyro/critic-reviews,47 Ratings,https://www.metacritic.com/music/the-myth-of-the-happily-ever-after/biffy-clyro/user-reviews,https://www.metacritic.com/music/the-myth-of-the-happily-ever-after/biffy-clyro/details,https://www.amazon.com/dp/B09FC7J8NZ?tag=metacritic-music-20&linkCode=osi&th=1&psc=1
46,Canto,Los Super Seven,91,7.6,"March 13, 2001","The second release from the Latin-folk supergroup, featuring members of Los Lobos.",https://www.metacritic.com/music/canto/los-super-seven,https://www.metacritic.com/person/los-super-seven,Columbia / Legacy,['https://www.metacritic.com/company/columbia-legacy'],Columbia / Legacy,"Genre(s): 
Folk
Latin",7,https://www.metacritic.com/music/canto/los-super-seven/critic-reviews,17 Ratings,https://www.metacritic.com/music/canto/los-super-seven/user-reviews,https://www.metacritic.com/music/canto/los-super-seven/details,
47,Grey Area,Little Simz,91,8.4,"March 1, 2019",The third full-length release for the British rapper Simbi Ajikawo features a guest appearances from Cleo Sol.,https://www.metacritic.com/music/grey-area/little-simz,https://www.metacritic.com/person/little-simz,Age 101,['https://www.metacritic.com/company/age-101'],Age 101,"Genre(s): 
Rap",15,https://www.metacritic.com/music/grey-area/little-simz/critic-reviews,188 Ratings,https://www.metacritic.com/music/grey-area/little-simz/user-reviews,https://www.metacritic.com/music/grey-area/little-simz/details,https://www.amazon.com/dp/B07LG1CB8R%3FSubscriptionId%3DAKIAJHSMUOWEQCQ7QDAQ%26tag%3Dmetacritic-music-20%26linkCode%3Dxm2%26camp%3D2025%26creative%3D165953%26creativeASIN%3DB07LG1CB8R
48,"Sex, Death & The Infinite Void",Creeper,91,8.0,"July 31, 2020",The second full-length release for the British punk rock band led by Will Gould was produced by Xandy Barry.,https://www.metacritic.com/music/sex-death-the-infinite-void/creeper,https://www.metacritic.com/person/creeper,Roadrunner Records,['https://www.metacritic.com/company/roadrunner-records'],Roadrunner Records,"Genre(s): 
Pop/Rock
Alternative/Indie Rock
Punk Revival",8,https://www.metacritic.com/music/sex-death-the-infinite-void/creeper/critic-reviews,39 Ratings,https://www.metacritic.com/music/sex-death-the-infinite-void/creeper/user-reviews,https://www.metacritic.com/music/sex-death-the-infinite-void/creeper/details,https://www.amazon.com/dp/B0851LJRT6%3FSubscriptionId%3DAKIAJHSMUOWEQCQ7QDAQ%26tag%3Dmetacritic-music-20%26linkCode%3Dxm2%26camp%3D2025%26creative%3D165953%26creativeASIN%3DB0851LJRT6
49,The ArchAndroid,Janelle Monáe,91,8.9,"May 18, 2010","The second full-length album for the singer born in Kansas City is a continuation of the story of Cindi Mayweather, the android introduced in the 2007 EP, ""Metropolis Suite I of IV: The Chase.""",https://www.metacritic.com/music/the-archandroid/janelle-monae,https://www.metacritic.com/person/janelle-monae,Atlantic,['https://www.metacritic.com/company/atlantic'],Atlantic,"Genre(s): 
R&B
Soul",28,https://www.metacritic.com/music/the-archandroid/janelle-monae/critic-reviews,553 Ratings,https://www.metacritic.com/music/the-archandroid/janelle-monae/user-reviews,https://www.metacritic.com/music/the-archandroid/janelle-monae/details,
50,Gold & Grey,Baroness,91,7.4,"June 14, 2019",The fifth full-length release for the hard rock/metal band is the first with new guitarist Gina Gleason (Peter Adams left the band in 2017).,https://www.metacritic.com/music/gold-grey/baroness,https://www.metacritic.com/person/baroness,Abraxan Hymns,['https://www.metacritic.com/company/abraxan-hymns'],Abraxan Hymns,"Genre(s): 
Pop/Rock
Heavy Metal
Progressive Metal
Sludge Metal
Post-Metal",14,https://www.metacritic.com/music/gold-grey/baroness/critic-reviews,124 Ratings,https://www.metacritic.com/music/gold-grey/baroness/user-reviews,https://www.metacritic.com/music/gold-grey/baroness/details,https://www.amazon.com/Gold-Grey-Baroness/dp/B07PJ224GQ?SubscriptionId=AKIAJHSMUOWEQCQ7QDAQ&tag=metacritic-music-20&linkCode=xm2&camp=2025&creative=165953&creativeASIN=B07PJ224GQ
51,Blue Weekend,Wolf Alice,91,8.9,"June 4, 2021",The third full-length release for the British rock band was produced by Markus Dravs.,https://www.metacritic.com/music/blue-weekend/wolf-alice,https://www.metacritic.com/person/wolf-alice,RCA,['https://www.metacritic.com/company/rca'],RCA,"Genre(s): 
Pop/Rock
Alternative/Indie Rock
Alternative Pop/Rock",19,https://www.metacritic.com/music/blue-weekend/wolf-alice/critic-reviews,267 Ratings,https://www.metacritic.com/music/blue-weekend/wolf-alice/user-reviews,https://www.metacritic.com/music/blue-weekend/wolf-alice/details,https://www.amazon.com/dp/B08X6DX87W?tag=metacritic-music-20&linkCode=osi&th=1&psc=1
52,The  Guitar Song,Jamey Johnson,91,8.0,"September 14, 2010","Jamey Johnson's latest album is a 25-track double album with the first half, The Black Album, devoted to dark emotions and the other half, the White Album, devoted to more positive songs.",https://www.metacritic.com/music/the-guitar-song/jamey-johnson,https://www.metacritic.com/person/jamey-johnson,Mercury,['https://www.metacritic.com/company/mercury'],Mercury,"Genre(s): 
Country
Contemporary Country
Outlaw Country",9,https://www.metacritic.com/music/the-guitar-song/jamey-johnson/critic-reviews,28 Ratings,https://www.metacritic.com/music/the-guitar-song/jamey-johnson/user-reviews,https://www.metacritic.com/music/the-guitar-song/jamey-johnson/details,http://www.amazon.com/The-Guitar-Song-Jamey-Johnson/dp/B002J9GITC%3FSubscriptionId%3DAKIAJHSMUOWEQCQ7QDAQ%26tag%3Dmetacritic-music-20%26linkCode%3Dxm2%26camp%3D2025%26creative%3D165953%26creativeASIN%3DB002J9GITC
53,Is This It?,The Strokes,91,9.0,"October 9, 2001","This is the debut album from New York indie-rockers The Strokes, who have been hyped by the British music press following the release of ""The Modern Age"" EP in early 2001. It almost goes without saying, but the group is frequently compared to the Velvet Underground, among others, thanks in part to singer-songwriter Julian Casablancas' Lou Reed-esque vocals.",https://www.metacritic.com/music/is-this-it/the-strokes,https://www.metacritic.com/person/the-strokes,RCA / Rough Trade,['https://www.metacritic.com/company/rca-rough-trade'],RCA / Rough Trade,"Genre(s): 
Rock
Alternative",26,https://www.metacritic.com/music/is-this-it/the-strokes/critic-reviews,693 Ratings,https://www.metacritic.com/music/is-this-it/the-strokes/user-reviews,https://www.metacritic.com/music/is-this-it/the-strokes/details,
54,We Got It From Here...Thank You 4 Your Service,A Tribe Called Quest,91,8.8,"November 11, 2016","Phife Dawg passed away in March 2016 before the final studio release for the rap group that includes guest appearances from such artists as Anderson Paak, Andre 3000, Busta Rhymes, Consequence, Elton John, Talib Kweli, Kendrick Lamar, and Jack White.",https://www.metacritic.com/music/we-got-it-from-herethank-you-4-your-service/a-tribe-called-quest,https://www.metacritic.com/person/a-tribe-called-quest,Epic,['https://www.metacritic.com/company/epic'],Epic,"Genre(s): 
Rap
East Coast Rap
Jazz-Rap",26,https://www.metacritic.com/music/we-got-it-from-herethank-you-4-your-service/a-tribe-called-quest/critic-reviews,330 Ratings,https://www.metacritic.com/music/we-got-it-from-herethank-you-4-your-service/a-tribe-called-quest/user-reviews,https://www.metacritic.com/music/we-got-it-from-herethank-you-4-your-service/a-tribe-called-quest/details,https://www.amazon.com/got-Here-Thank-Your-service/dp/B01LTHY42W%3FSubscriptionId%3DAKIAJHSMUOWEQCQ7QDAQ%26tag%3Dmetacritic-music-20%26linkCode%3Dxm2%26camp%3D2025%26creative%3D165953%26creativeASIN%3DB01LTHY42W
55,From Here We Go Sublime,The Field,90,6.7,"April 3, 2007","This is the full-length debut for Stockholm, Sweden trance producer Axel Willner.",https://www.metacritic.com/music/from-here-we-go-sublime/the-field,https://www.metacritic.com/person/the-field,Kompakt,['https://www.metacritic.com/company/kompakt'],Kompakt,"Genre(s): 
Electronic",14,https://www.metacritic.com/music/from-here-we-go-sublime/the-field/critic-reviews,396 Ratings,https://www.metacritic.com/music/from-here-we-go-sublime/the-field/user-reviews,https://www.metacritic.com/music/from-here-we-go-sublime/the-field/details,
56,Illinois,Sufjan Stevens,90,8.9,"July 5, 2005","The folk singer-songwriter's ambitious attempt to chronicle all 50 states in song continues with this second installment, dedicated to the Prairie State.",https://www.metacritic.com/music/illinois/sufjan-stevens,https://www.metacritic.com/person/sufjan-stevens,Asthmatic Kitty,['https://www.metacritic.com/company/asthmatic-kitty'],Asthmatic Kitty,"Genre(s): 
Indie
Rock
Folk",40,https://www.metacritic.com/music/illinois/sufjan-stevens/critic-reviews,772 Ratings,https://www.metacritic.com/music/illinois/sufjan-stevens/user-reviews,https://www.metacritic.com/music/illinois/sufjan-stevens/details,
57,Carrie & Lowell,Sufjan Stevens,90,8.9,"March 31, 2015","The seventh full-length studio release for the singer-songwriter features contributions from Thomas Bartlett, Sean Carey, Casey Foubert, Ben Lester, Nedelle Torrisi, and Laura Veirs.",https://www.metacritic.com/music/carrie-lowell/sufjan-stevens,https://www.metacritic.com/person/sufjan-stevens,Asthmatic Kitty,['https://www.metacritic.com/company/asthmatic-kitty'],Asthmatic Kitty,"Genre(s): 
Singer/Songwriter
Pop/Rock
Alternative/Indie Rock
Indie Rock
Lo-Fi
Indie Pop
Alternative Singer/Songwriter
Indie Folk
Chamber Pop",40,https://www.metacritic.com/music/carrie-lowell/sufjan-stevens/critic-reviews,577 Ratings,https://www.metacritic.com/music/carrie-lowell/sufjan-stevens/user-reviews,https://www.metacritic.com/music/carrie-lowell/sufjan-stevens/details,http://www.amazon.com/Carrie-Lowell-Sufjan-Stevens/dp/B00S24RSBK%3FSubscriptionId%3DAKIAJHSMUOWEQCQ7QDAQ%26tag%3Dmetacritic-music-20%26linkCode%3Dxm2%26camp%3D2025%26creative%3D165953%26creativeASIN%3DB00S24RSBK
58,Jimmy Lee,Raphael Saadiq,90,5.8,"August 23, 2019","The first full-length release of new material from the R&B artist/producer was inspired by his late brother's struggle with drug addiction and features guest appearances from Rob Bacon, Reverend E. Baker, Ernest Turner, and Daniel J. Watts.",https://www.metacritic.com/music/jimmy-lee/raphael-saadiq,https://www.metacritic.com/person/raphael-saadiq,Columbia,['https://www.metacritic.com/company/columbia'],Columbia,"Genre(s): 
R&B",8,https://www.metacritic.com/music/jimmy-lee/raphael-saadiq/critic-reviews,50 Ratings,https://www.metacritic.com/music/jimmy-lee/raphael-saadiq/user-reviews,https://www.metacritic.com/music/jimmy-lee/raphael-saadiq/details,https://www.amazon.com/Jimmy-Lee-Raphael-Saadiq/dp/B07SVF1N23?SubscriptionId=AKIAJHSMUOWEQCQ7QDAQ&tag=metacritic-music-20&linkCode=xm2&camp=2025&creative=165953&creativeASIN=B07SVF1N23
59,No Cities to Love,Sleater-Kinney,90,8.2,"January 20, 2015","The first release in ten years for the indie rock trio of Carrie Brownstein, Corin Tucker, and Janet Weiss was produced by John Goodmanson.",https://www.metacritic.com/music/no-cities-to-love/sleater-kinney,https://www.metacritic.com/person/sleater-kinney,Sub Pop,['https://www.metacritic.com/company/sub-pop'],Sub Pop,"Genre(s): 
Pop/Rock
Alternative/Indie Rock
Indie Rock",39,https://www.metacritic.com/music/no-cities-to-love/sleater-kinney/critic-reviews,167 Ratings,https://www.metacritic.com/music/no-cities-to-love/sleater-kinney/user-reviews,https://www.metacritic.com/music/no-cities-to-love/sleater-kinney/details,http://www.amazon.com/No-Cities-To-Love-Sleater-Kinney/dp/B00OPMI3N0%3FSubscriptionId%3DAKIAJHSMUOWEQCQ7QDAQ%26tag%3Dmetacritic-music-20%26linkCode%3Dxm2%26camp%3D2025%26creative%3D165953%26creativeASIN%3DB00OPMI3N0
60,Eve,Rapsody,90,8.1,"August 23, 2019","The third full-length studio release for the North Carolina rapper features guest appearances from J. Cole, D'Angelo, GZA, JID, Leikeli47, Mereba], PJ Morton, Queen Latifah, K.Roosevelt, SiR, and Elle Varner.",https://www.metacritic.com/music/eve/rapsody,https://www.metacritic.com/person/rapsody,Jamla,['https://www.metacritic.com/company/jamla'],Jamla,"Genre(s): 
Rap",8,https://www.metacritic.com/music/eve/rapsody/critic-reviews,53 Ratings,https://www.metacritic.com/music/eve/rapsody/user-reviews,https://www.metacritic.com/music/eve/rapsody/details,https://www.amazon.com/dp/B07W5YKR4D%3FSubscriptionId%3DAKIAJHSMUOWEQCQ7QDAQ%26tag%3Dmetacritic-music-20%26linkCode%3Dxm2%26camp%3D2025%26creative%3D165953%26creativeASIN%3DB07W5YKR4D
61,Punisher,Phoebe Bridgers,90,8.9,"June 18, 2020","The second full-length solo release for the singer-songwriter features contributions from Julien Baker, Lucy Dacus, Christian Lee Hutson, Jim Keltner, Warpint's Jenny Lee Lindberg, Blake Mills, Conor Oberst, Bright Eyes' Nathaniel Walcott, and the Yeah Yeah Yeahs' Nick Zinner.",https://www.metacritic.com/music/punisher/phoebe-bridgers,https://www.metacritic.com/person/phoebe-bridgers,Dead Oceans,['https://www.metacritic.com/company/dead-oceans'],Dead Oceans,"Genre(s): 
Pop/Rock",31,https://www.metacritic.com/music/punisher/phoebe-bridgers/critic-reviews,363 Ratings,https://www.metacritic.com/music/punisher/phoebe-bridgers/user-reviews,https://www.metacritic.com/music/punisher/phoebe-bridgers/details,https://www.amazon.com/dp/B086Y1G1T3%3FSubscriptionId%3DAKIAJHSMUOWEQCQ7QDAQ%26tag%3Dmetacritic-music-20%26linkCode%3Dxm2%26camp%3D2025%26creative%3D165953%26creativeASIN%3DB086Y1G1T3
62,Send Them To Coventry [Mixtape],Pa Salieu,90,tbd,"November 13, 2020","The debut mixtape from the British rapper features guest appearances from Mahalia, M1llionz, BackRoad Gee, Boy Boy, Eight9FLY, Lz Dinero, Ni Santora, Shakavellie, and Stizee.",https://www.metacritic.com/music/send-them-to-coventry-mixtape/pa-salieu,https://www.metacritic.com/person/pa-salieu,Warner Records,['https://www.metacritic.com/company/warner-records'],Warner Records,"Genre(s): 
Rap",8,https://www.metacritic.com/music/send-them-to-coventry-mixtape/pa-salieu/critic-reviews,,https://www.metacritic.com/music/send-them-to-coventry-mixtape/pa-salieu/user-reviews,https://www.metacritic.com/music/send-them-to-coventry-mixtape/pa-salieu/details,https://www.amazon.com/dp/B08LXM8MCY%3FSubscriptionId%3DAKIAJHSMUOWEQCQ7QDAQ%26tag%3Dmetacritic-music-20%26linkCode%3Dxm2%26camp%3D2025%26creative%3D165953%26creativeASIN%3DB08LXM8MCY
63,Original Pirate Material,The Streets,90,8.7,"October 22, 2002","This is the debut album by the London garage (or in this case, bedroom) band, which consists solely of 21-year-old Mike Skinner. Whether or not this style of music (very English rapping over garage/house beats) will translate well overseas remains to be seen, but garage (and especially Skinner) is the current flavor of the month with the UK music press.",https://www.metacritic.com/music/original-pirate-material/the-streets,https://www.metacritic.com/person/the-streets,Locked On / Vice,['https://www.metacritic.com/company/locked-on-vice'],Locked On / Vice,"Genre(s): 
Electronic
Rap
Garage",25,https://www.metacritic.com/music/original-pirate-material/the-streets/critic-reviews,170 Ratings,https://www.metacritic.com/music/original-pirate-material/the-streets/user-reviews,https://www.metacritic.com/music/original-pirate-material/the-streets/details,
64,Candi Staton,Candi Staton,90,8.6,"February 24, 2004",This 26-track disc compiles (for the first time on CD) songs from the acclaimed soul singer's 1969-1973 Muscle Shoals period when she recorded for Fame Records--a period that netted her 12 consecutive Billboard R&B hits.,https://www.metacritic.com/music/candi-staton/candi-staton,https://www.metacritic.com/person/candi-staton,Astralwerks,['https://www.metacritic.com/company/astralwerks'],Astralwerks,"Genre(s): 
R&B
Soul",9,https://www.metacritic.com/music/candi-staton/candi-staton/critic-reviews,14 Ratings,https://www.metacritic.com/music/candi-staton/candi-staton/user-reviews,https://www.metacritic.com/music/candi-staton/candi-staton/details,
65,Alice,Tom Waits,90,8.6,"May 7, 2002","One of two Waits releases in May 2002 ('Blood Money' is the other), 'Alice' was originally written as an opera and actually performed live during an 18-month engagement in Hamburg in the early 1990s. However, this is the first recording of these 15 tracks, culled from recent studio sessions.",https://www.metacritic.com/music/alice/tom-waits,https://www.metacritic.com/person/tom-waits,Epitaph / Anti-,['https://www.metacritic.com/company/epitaph-anti-'],Epitaph / Anti-,"Genre(s): 
Rock",20,https://www.metacritic.com/music/alice/tom-waits/critic-reviews,49 Ratings,https://www.metacritic.com/music/alice/tom-waits/user-reviews,https://www.metacritic.com/music/alice/tom-waits/details,
66,Funeral,Arcade Fire,90,8.9,"September 14, 2004",The Montreal band founded by husband and wife Win Butler and Régine Chassagne make their full-length debut with this highly anticipated disc.,https://www.metacritic.com/music/funeral/arcade-fire,https://www.metacritic.com/person/arcade-fire,Merge / Rough Trade,['https://www.metacritic.com/company/merge-rough-trade'],Merge / Rough Trade,"Genre(s): 
Indie
Rock",33,https://www.metacritic.com/music/funeral/arcade-fire/critic-reviews,1033 Ratings,https://www.metacritic.com/music/funeral/arcade-fire/user-reviews,https://www.metacritic.com/music/funeral/arcade-fire/details,
67,Holy Hell,Architects,90,8.9,"November 9, 2018","The eighth full-length release for the British metalcore band is its first without Tom Searle, who passed away in August 2016.",https://www.metacritic.com/music/holy-hell/architects,https://www.metacritic.com/person/architects,Epitaph,['https://www.metacritic.com/company/epitaph'],Epitaph,"Genre(s): 
Metal
Pop/Rock
Metalcore",8,https://www.metacritic.com/music/holy-hell/architects/critic-reviews,128 Ratings,https://www.metacritic.com/music/holy-hell/architects/user-reviews,https://www.metacritic.com/music/holy-hell/architects/details,https://www.amazon.com/Holy-Hell-Architects-UK/dp/B07HGR7GXF?SubscriptionId=AKIAJHSMUOWEQCQ7QDAQ&tag=metacritic-music-20&linkCode=xm2&camp=2025&creative=165953&creativeASIN=B07HGR7GXF
68,London Zoo,The Bug,90,6.5,"August 12, 2008",The third album for the artist/music producer Kevin Martin as The Bug.,https://www.metacritic.com/music/london-zoo/the-bug,https://www.metacritic.com/person/the-bug,Ninja Tune,['https://www.metacritic.com/company/ninja-tune'],Ninja Tune,"Genre(s): 
Electronic",10,https://www.metacritic.com/music/london-zoo/the-bug/critic-reviews,83 Ratings,https://www.metacritic.com/music/london-zoo/the-bug/user-reviews,https://www.metacritic.com/music/london-zoo/the-bug/details,
69,Jama Ko,Bassekou Kouyate & Ngoni Ba,90,6.3,"April 2, 2013",The third release for Bassekou Kouyate introduces a new group of ngoni players and was co-produced with Howard Bilerman.,https://www.metacritic.com/music/jama-ko/bassekou-kouyate-ngoni-ba,https://www.metacritic.com/person/bassekou-kouyate-ngoni-ba,Out Here Records,['https://www.metacritic.com/company/out-here-records'],Out Here Records,"Genre(s): 
International",11,https://www.metacritic.com/music/jama-ko/bassekou-kouyate-ngoni-ba/critic-reviews,26 Ratings,https://www.metacritic.com/music/jama-ko/bassekou-kouyate-ngoni-ba/user-reviews,https://www.metacritic.com/music/jama-ko/bassekou-kouyate-ngoni-ba/details,
70,Sir Lucious Left Foot: The Son of Chico Dusty,Big Boi,90,8.7,"July 6, 2010","OutKast's Big Boi goes solo with an album featuring guest appearances from such artists as Jamie Foxx, Janelle Monae, B.o.B., Gucci Mane, Too Short, and George Clinton.",https://www.metacritic.com/music/sir-lucious-left-foot-the-son-of-chico-dusty/big-boi,https://www.metacritic.com/person/big-boi,Def Jam,['https://www.metacritic.com/company/def-jam'],Def Jam,"Genre(s): 
Rap
Pop/Rock",33,https://www.metacritic.com/music/sir-lucious-left-foot-the-son-of-chico-dusty/big-boi/critic-reviews,183 Ratings,https://www.metacritic.com/music/sir-lucious-left-foot-the-son-of-chico-dusty/big-boi/user-reviews,https://www.metacritic.com/music/sir-lucious-left-foot-the-son-of-chico-dusty/big-boi/details,http://www.amazon.com/Lucious-Left-Foot-Chico-Dusty/dp/B003FGWSL0%3FSubscriptionId%3DAKIAJHSMUOWEQCQ7QDAQ%26tag%3Dmetacritic-music-20%26linkCode%3Dxm2%26camp%3D2025%26creative%3D165953%26creativeASIN%3DB003FGWSL0
71,Psychodrama,Dave,90,8.0,"March 8, 2019",The debut full-length studio release for the British rapper features guest appearances from Burna Boy and J Hus.,https://www.metacritic.com/music/psychodrama/dave,https://www.metacritic.com/person/dave,N/A,['https://www.metacritic.com/company/na'],N/A,"Genre(s): 
Rap",10,https://www.metacritic.com/music/psychodrama/dave/critic-reviews,196 Ratings,https://www.metacritic.com/music/psychodrama/dave/user-reviews,https://www.metacritic.com/music/psychodrama/dave/details,https://www.amazon.com/dp/B07NS5FDZZ%3FSubscriptionId%3DAKIAJHSMUOWEQCQ7QDAQ%26tag%3Dmetacritic-music-20%26linkCode%3Dxm2%26camp%3D2025%26creative%3D165953%26creativeASIN%3DB07NS5FDZZ
72,Untrue,Burial,90,8.0,"November 6, 2007",The second album for the London-based anonymous dubstep artist.,https://www.metacritic.com/music/untrue/burial,https://www.metacritic.com/person/burial,Hyperdub,['https://www.metacritic.com/company/hyperdub'],Hyperdub,"Genre(s): 
Indie
Electronic
Alternative",23,https://www.metacritic.com/music/untrue/burial/critic-reviews,467 Ratings,https://www.metacritic.com/music/untrue/burial/user-reviews,https://www.metacritic.com/music/untrue/burial/details,
73,græ,Moses Sumney,90,8.5,"May 15, 2020","The double album (released also as two separate EPs] for the experimental artist features a guest appearance from Jill Scott and elements of folk, jazz, indie rock, pop, and soul music.",https://www.metacritic.com/music/gra/moses-sumney,https://www.metacritic.com/person/moses-sumney,Jagjaguwar,['https://www.metacritic.com/company/jagjaguwar'],Jagjaguwar,"Genre(s): 
Pop/Rock",17,https://www.metacritic.com/music/gra/moses-sumney/critic-reviews,71 Ratings,https://www.metacritic.com/music/gra/moses-sumney/user-reviews,https://www.metacritic.com/music/gra/moses-sumney/details,https://www.amazon.com/dp/B07ZQXW9KR%3FSubscriptionId%3DAKIAJHSMUOWEQCQ7QDAQ%26tag%3Dmetacritic-music-20%26linkCode%3Dxm2%26camp%3D2025%26creative%3D165953%26creativeASIN%3DB07ZQXW9KR
74,XTRMNTR,Primal Scream,90,8.8,"May 2, 2000","Bobby Gillespie & co. expand on the harder-edged punk/electronica sound of their previous effort, 'Vanishing Point,' with their most violent effort to date, earning rave reviews in the process and perhaps matching the success of their classic 'Screamadelica.' Contributors here include David Holmes, Bernard Sumner, Kevin Shields and the Chemical Brothers.",https://www.metacritic.com/music/xtrmntr/primal-scream,https://www.metacritic.com/person/primal-scream,Astralwerks,['https://www.metacritic.com/company/astralwerks'],Astralwerks,"Genre(s): 
Rock
Alternative",16,https://www.metacritic.com/music/xtrmntr/primal-scream/critic-reviews,58 Ratings,https://www.metacritic.com/music/xtrmntr/primal-scream/user-reviews,https://www.metacritic.com/music/xtrmntr/primal-scream/details,
75,Spaces,Nils Frahm,90,8.5,"November 19, 2013","Described as a field recording, this latest release from the Berlin-based composer was recorded over two years at various locations with different methods including cassette recordings.",https://www.metacritic.com/music/spaces/nils-frahm,https://www.metacritic.com/person/nils-frahm,Erased Tapes Records,['https://www.metacritic.com/company/erased-tapes-records'],Erased Tapes Records,"Genre(s): 
Avant-Garde
Pop/Rock",15,https://www.metacritic.com/music/spaces/nils-frahm/critic-reviews,59 Ratings,https://www.metacritic.com/music/spaces/nils-frahm/user-reviews,https://www.metacritic.com/music/spaces/nils-frahm/details,http://www.amazon.com/Spaces-Nils-Frahm/dp/B00FEXUB66%3FSubscriptionId%3DAKIAJHSMUOWEQCQ7QDAQ%26tag%3Dmetacritic-music-20%26linkCode%3Dxm2%26camp%3D2025%26creative%3D165953%26creativeASIN%3DB00FEXUB66
76,Z,My Morning Jacket,90,8.4,"October 4, 2005","For their fourth album, produced by John Leckie, the Kentucky band sports a new keyboardist and guitarist.",https://www.metacritic.com/music/z/my-morning-jacket,https://www.metacritic.com/person/my-morning-jacket,ATO,['https://www.metacritic.com/company/ato'],ATO,"Genre(s): 
Indie
Rock",31,https://www.metacritic.com/music/z/my-morning-jacket/critic-reviews,249 Ratings,https://www.metacritic.com/music/z/my-morning-jacket/user-reviews,https://www.metacritic.com/music/z/my-morning-jacket/details,
77,St. Vincent,St. Vincent,89,8.6,"February 25, 2014",The fourth full-length release for the indie artist was produced by John Congleton and includes contributions from Dap-Kings drummer Homer Steinweiss and Midlake's McKenzie Smith.,https://www.metacritic.com/music/st-vincent/st-vincent,https://www.metacritic.com/person/st-vincent,Loma Vista Recordings,['https://www.metacritic.com/company/loma-vista-recordings'],Loma Vista Recordings,"Genre(s): 
Pop/Rock
Alternative/Indie Rock",40,https://www.metacritic.com/music/st-vincent/st-vincent/critic-reviews,455 Ratings,https://www.metacritic.com/music/st-vincent/st-vincent/user-reviews,https://www.metacritic.com/music/st-vincent/st-vincent/details,http://www.amazon.com/St-Vincent/dp/B00H7MW2SM%3FSubscriptionId%3DAKIAJHSMUOWEQCQ7QDAQ%26tag%3Dmetacritic-music-20%26linkCode%3Dxm2%26camp%3D2025%26creative%3D165953%26creativeASIN%3DB00H7MW2SM
78,The Dusk in Us,Converge,89,7.7,"November 3, 2017","The ninth full-length release for the Massachusetts metalcore band was mixed by the band's guitarist, Kurt Ballou.",https://www.metacritic.com/music/the-dusk-in-us/converge,https://www.metacritic.com/person/converge,Epitaph,['https://www.metacritic.com/company/epitaph'],Epitaph,"Genre(s): 
Pop/Rock",18,https://www.metacritic.com/music/the-dusk-in-us/converge/critic-reviews,62 Ratings,https://www.metacritic.com/music/the-dusk-in-us/converge/user-reviews,https://www.metacritic.com/music/the-dusk-in-us/converge/details,https://www.amazon.com/Dusk-Us-Converge/dp/B074T6TMQ2?SubscriptionId=AKIAJHSMUOWEQCQ7QDAQ&tag=metacritic-music-20&linkCode=xm2&camp=2025&creative=165953&creativeASIN=B074T6TMQ2
79,Like a Rose,Ashley Monroe,89,7.1,"March 5, 2013","The second solo album for the Pistol Annies member includes songs co-written with such artists as Sally Barris, Guy Clark, Vince Gill, Lori McKenna, and Jon Randall.",https://www.metacritic.com/music/like-a-rose/ashley-monroe,https://www.metacritic.com/person/ashley-monroe,Warner Bros.,['https://www.metacritic.com/company/warner-bros'],Warner Bros.,"Genre(s): 
Country",9,https://www.metacritic.com/music/like-a-rose/ashley-monroe/critic-reviews,32 Ratings,https://www.metacritic.com/music/like-a-rose/ashley-monroe/user-reviews,https://www.metacritic.com/music/like-a-rose/ashley-monroe/details,http://www.amazon.com/Like-A-Rose-Ashley-Monroe/dp/B00B2M7BMK%3FSubscriptionId%3DAKIAJHSMUOWEQCQ7QDAQ%26tag%3Dmetacritic-music-20%26linkCode%3Dxm2%26camp%3D2025%26creative%3D165953%26creativeASIN%3DB00B2M7BMK
80,RTJ2,Run the Jewels,89,8.8,"October 27, 2014","The latest release from Killer Mike and El-P features collaborations with Travis Barker of Blink-182, Diane Coffee, and Zack de la Rocha formerly of Rage Against the Machine.",https://www.metacritic.com/music/rtj2/run-the-jewels,https://www.metacritic.com/person/run-the-jewels,Mass Appeal,['https://www.metacritic.com/company/mass-appeal'],Mass Appeal,"Genre(s): 
Rap
Pop/Rock
Southern Rap
Alternative Rap
Underground Rap
Hardcore Rap",35,https://www.metacritic.com/music/rtj2/run-the-jewels/critic-reviews,461 Ratings,https://www.metacritic.com/music/rtj2/run-the-jewels/user-reviews,https://www.metacritic.com/music/rtj2/run-the-jewels/details,http://www.amazon.com/Run-Jewels-2/dp/B00NIR8E4Q%3FSubscriptionId%3DAKIAJHSMUOWEQCQ7QDAQ%26tag%3Dmetacritic-music-20%26linkCode%3Dxm2%26camp%3D2025%26creative%3D165953%26creativeASIN%3DB00NIR8E4Q
81,Rounds,Four Tet,89,8.4,"May 6, 2003",The sample-based indietronica LP 'Rounds' is the third solo effort for Fridge's Kieran Hebden.,https://www.metacritic.com/music/rounds/four-tet,https://www.metacritic.com/person/four-tet,Domino,['https://www.metacritic.com/company/domino'],Domino,"Genre(s): 
Indie
Electronic",26,https://www.metacritic.com/music/rounds/four-tet/critic-reviews,45 Ratings,https://www.metacritic.com/music/rounds/four-tet/user-reviews,https://www.metacritic.com/music/rounds/four-tet/details,
82,Neon Golden,The Notwist,89,8.8,"February 25, 2003","This breaktrhough sixth album for the German band combines a variety of disparate elements, most notably moody indie rock and glitchy electronica (think Hood's Cold House), to great effect.",https://www.metacritic.com/music/neon-golden/the-notwist,https://www.metacritic.com/person/the-notwist,City Slang / Domino,['https://www.metacritic.com/company/city-slang-domino'],City Slang / Domino,"Genre(s): 
Indie
Rock
Electronic",20,https://www.metacritic.com/music/neon-golden/the-notwist/critic-reviews,71 Ratings,https://www.metacritic.com/music/neon-golden/the-notwist/user-reviews,https://www.metacritic.com/music/neon-golden/the-notwist/details,
83,Since I Left You,The Avalanches,89,8.9,"November 6, 2001","This sample-driven Austrialian dance outfit scored a hit in its homeland with this, its debut full-length release (following three EP releases since 1997). The UK music press created a publicity avalanche for the band in the Spring of 2001, as the album picked up strong reviews (quotes from some appear below) and was featured in numerous articles. Packed with over 600 samples of recordings dating from the 1950's to the present (each one credited in the liner notes!) as well as original instrumentation, 'Since I Left You' is a varied and unique record.",https://www.metacritic.com/music/since-i-left-you/the-avalanches,https://www.metacritic.com/person/the-avalanches,London-Sire / Modular / XL Recordings,['https://www.metacritic.com/company/london-sire-modular-xl-recordings'],London-Sire / Modular / XL Recordings,"Genre(s): 
Dance
Electronic",21,https://www.metacritic.com/music/since-i-left-you/the-avalanches/critic-reviews,180 Ratings,https://www.metacritic.com/music/since-i-left-you/the-avalanches/user-reviews,https://www.metacritic.com/music/since-i-left-you/the-avalanches/details,
84,Honey,Robyn,89,8.5,"October 26, 2018","The first full-length release in eight years for the Swedish  artist features contributions from with Joseph Mount of Metronomy, Klas Åhlund, Adam Bainbridge, Mr. Tophat, and Zhal.",https://www.metacritic.com/music/honey/robyn,https://www.metacritic.com/person/robyn,Interscope,['https://www.metacritic.com/company/interscope'],Interscope,"Genre(s): 
Pop
Pop/Rock
Left-Field Pop",22,https://www.metacritic.com/music/honey/robyn/critic-reviews,223 Ratings,https://www.metacritic.com/music/honey/robyn/user-reviews,https://www.metacritic.com/music/honey/robyn/details,https://www.amazon.com/Honey-Robyn/dp/B07HSLV8YV?SubscriptionId=AKIAJHSMUOWEQCQ7QDAQ&tag=metacritic-music-20&linkCode=xm2&camp=2025&creative=165953&creativeASIN=B07HSLV8YV
85,"Eternity, In Your Arms",Creeper,89,7.7,"March 24, 2017",The debut full-length release for the British punk rock band is a concept album about a paranormal investigator.,https://www.metacritic.com/music/eternity-in-your-arms/creeper,https://www.metacritic.com/person/creeper,Warner Bros.,['https://www.metacritic.com/company/warner-bros'],Warner Bros.,"Genre(s): 
Pop/Rock
Alternative/Indie Rock",8,https://www.metacritic.com/music/eternity-in-your-arms/creeper/critic-reviews,65 Ratings,https://www.metacritic.com/music/eternity-in-your-arms/creeper/user-reviews,https://www.metacritic.com/music/eternity-in-your-arms/creeper/details,https://www.amazon.com/Eternity-Your-Arms-Explicit-Creeper/dp/B01M0O2LNP%3FSubscriptionId%3DAKIAJHSMUOWEQCQ7QDAQ%26tag%3Dmetacritic-music-20%26linkCode%3Dxm2%26camp%3D2025%26creative%3D165953%26creativeASIN%3DB01M0O2LNP
86,Kiwanuka,Michael Kiwanuka,89,8.4,"November 1, 2019",The third full-length release for the indie singer-songwriter was produced by by Danger Mouse and Inflo.,https://www.metacritic.com/music/kiwanuka/michael-kiwanuka,https://www.metacritic.com/person/michael-kiwanuka,Interscope,['https://www.metacritic.com/company/interscope'],Interscope,"Genre(s): 
Pop/Rock",21,https://www.metacritic.com/music/kiwanuka/michael-kiwanuka/critic-reviews,89 Ratings,https://www.metacritic.com/music/kiwanuka/michael-kiwanuka/user-reviews,https://www.metacritic.com/music/kiwanuka/michael-kiwanuka/details,https://www.amazon.com/KIWANUKA-Michael-Kiwanuka/dp/B07WWSKC3F?SubscriptionId=AKIAJHSMUOWEQCQ7QDAQ&tag=metacritic-music-20&linkCode=xm2&camp=2025&creative=165953&creativeASIN=B07WWSKC3F
87,Modern Times,Bob Dylan,89,8.5,"August 29, 2006",Dylan's first studio release since his 2001 hit 'Love And Theft' is his 44th album overall.,https://www.metacritic.com/music/modern-times/bob-dylan,https://www.metacritic.com/person/bob-dylan,Sony,['https://www.metacritic.com/company/sony'],Sony,"Genre(s): 
Rock",29,https://www.metacritic.com/music/modern-times/bob-dylan/critic-reviews,288 Ratings,https://www.metacritic.com/music/modern-times/bob-dylan/user-reviews,https://www.metacritic.com/music/modern-times/bob-dylan/details,
88,LEGACY! LEGACY!,Jamila Woods,89,8.0,"May 10, 2019","The second full-length release for the Chicago R&B artist features guest appearances from Jasminfire, Nitty Scott, Saba, Nico Segal, and theMIND.",https://www.metacritic.com/music/legacy!-legacy!/jamila-woods,https://www.metacritic.com/person/jamila-woods,Jagjaguwar,['https://www.metacritic.com/company/jagjaguwar'],Jagjaguwar,"Genre(s): 
R&B",19,https://www.metacritic.com/music/legacy!-legacy!/jamila-woods/critic-reviews,78 Ratings,https://www.metacritic.com/music/legacy!-legacy!/jamila-woods/user-reviews,https://www.metacritic.com/music/legacy!-legacy!/jamila-woods/details,https://www.amazon.com/Legacy-JAMILA-WOODS/dp/B07NBD2MPX?SubscriptionId=AKIAJHSMUOWEQCQ7QDAQ&tag=metacritic-music-20&linkCode=xm2&camp=2025&creative=165953&creativeASIN=B07NBD2MPX
89,Apex Predator - Easy Meat,Napalm Death,89,7.2,"January 27, 2015",The 15th studio release for the British grindcore band was produced by Russ Russell.,https://www.metacritic.com/music/apex-predator---easy-meat/napalm-death,https://www.metacritic.com/person/napalm-death,Century Media,['https://www.metacritic.com/company/century-media'],Century Media,"Genre(s): 
Pop/Rock
Heavy Metal",15,https://www.metacritic.com/music/apex-predator---easy-meat/napalm-death/critic-reviews,58 Ratings,https://www.metacritic.com/music/apex-predator---easy-meat/napalm-death/user-reviews,https://www.metacritic.com/music/apex-predator---easy-meat/napalm-death/details,http://www.amazon.com/Apex-Predator-Easy-Napalm-Death/dp/B00QKMCTCO%3FSubscriptionId%3DAKIAJHSMUOWEQCQ7QDAQ%26tag%3Dmetacritic-music-20%26linkCode%3Dxm2%26camp%3D2025%26creative%3D165953%26creativeASIN%3DB00QKMCTCO
90,HoboSapiens,John Cale,89,8.2,"September 7, 2004","Produced by Nick Franglen of Lemon Jelly, 'Hobo Sapiens' finds the 61-year-old Cale still willing to explore new musical territory. Note that none of the 12 songs here were on the ""5 Tracks"" EP released earlier in 2003.",https://www.metacritic.com/music/hobosapiens/john-cale,https://www.metacritic.com/person/john-cale,EMI / Or Music,['https://www.metacritic.com/company/emi-or-music'],EMI / Or Music,"Genre(s): 
Rock
Alternative",16,https://www.metacritic.com/music/hobosapiens/john-cale/critic-reviews,16 Ratings,https://www.metacritic.com/music/hobosapiens/john-cale/user-reviews,https://www.metacritic.com/music/hobosapiens/john-cale/details,
91,Miss E... So Addictive,Missy Elliott,89,8.6,"May 15, 2001","This is the third album for Missy ""Misdemeanor"" Elliott, and it again features the acclaimed production work of Timbaland. Guests include Busta Rhymes, Redman, Method Man, Ludacris, Eve, Jay-Z, and Ginuwine.",https://www.metacritic.com/music/miss-e-so-addictive/missy-elliott,https://www.metacritic.com/person/missy-elliott,Elektra/Asylum,['https://www.metacritic.com/company/elektraasylum'],Elektra/Asylum,"Genre(s): 
Rap",16,https://www.metacritic.com/music/miss-e-so-addictive/missy-elliott/critic-reviews,84 Ratings,https://www.metacritic.com/music/miss-e-so-addictive/missy-elliott/user-reviews,https://www.metacritic.com/music/miss-e-so-addictive/missy-elliott/details,
92,Bloodmoon: I,Converge,89,7.3,"November 19, 2021","The debut full-length collaboration between Converge, Chelsea Wolfe, Ben Chisholm, and Steve Brodsky began recording in 2019 but was completed remotely due to the COVID-19 pandemic.",https://www.metacritic.com/music/bloodmoon-i/converge,https://www.metacritic.com/person/converge,Epitaph,['https://www.metacritic.com/company/epitaph'],Epitaph,"Genre(s): 
Pop/Rock
Alternative/Indie Rock
Heavy Metal
Doom Metal
Goth Metal
Metalcore",10,https://www.metacritic.com/music/bloodmoon-i/converge/critic-reviews,21 Ratings,https://www.metacritic.com/music/bloodmoon-i/converge/user-reviews,https://www.metacritic.com/music/bloodmoon-i/converge/details,https://www.amazon.com/dp/B09HCQ2DRG?tag=metacritic-music-20&linkCode=osi&th=1&psc=1
93,RTJ4,Run the Jewels,89,8.9,"June 3, 2020","Released a few days early (for free on their website), the fourth full-length studio album for the rap duo features guest appearances from 2 Chainz, Zack de la Rocha, DJ Premier, Josh Homme, Greg Nice, Mavis Staples, and Pharrell Williams.",https://www.metacritic.com/music/rtj4/run-the-jewels,https://www.metacritic.com/person/run-the-jewels,BMG,['https://www.metacritic.com/company/bmg'],BMG,"Genre(s): 
Rap",26,https://www.metacritic.com/music/rtj4/run-the-jewels/critic-reviews,310 Ratings,https://www.metacritic.com/music/rtj4/run-the-jewels/user-reviews,https://www.metacritic.com/music/rtj4/run-the-jewels/details,https://www.amazon.com/dp/B087YZ2CH2%3FSubscriptionId%3DAKIAJHSMUOWEQCQ7QDAQ%26tag%3Dmetacritic-music-20%26linkCode%3Dxm2%26camp%3D2025%26creative%3D165953%26creativeASIN%3DB087YZ2CH2
94,Sawayama,Rina Sawayama,89,9.1,"April 17, 2020","The debut full-length studio release for the Japanese-British pop artist features production from Clarence Clarity, Nate Company, Bram Inscore, and Nicole Morier.",https://www.metacritic.com/music/sawayama/rina-sawayama,https://www.metacritic.com/person/rina-sawayama,Dirty Hit,['https://www.metacritic.com/company/dirty-hit'],Dirty Hit,"Genre(s): 
Pop/Rock",14,https://www.metacritic.com/music/sawayama/rina-sawayama/critic-reviews,1052 Ratings,https://www.metacritic.com/music/sawayama/rina-sawayama/user-reviews,https://www.metacritic.com/music/sawayama/rina-sawayama/details,https://www.amazon.com/dp/B083FDX8HN%3FSubscriptionId%3DAKIAJHSMUOWEQCQ7QDAQ%26tag%3Dmetacritic-music-20%26linkCode%3Dxm2%26camp%3D2025%26creative%3D165953%26creativeASIN%3DB083FDX8HN
95,Black Origami,Jlin,89,7.1,"May 19, 2017","The second full-length release for the electronic producer features contributions from William Basinski, Dope Saint Jude, Fawkes, and Holly Herndon.",https://www.metacritic.com/music/black-origami/jlin,https://www.metacritic.com/person/jlin,Planet Mu,['https://www.metacritic.com/company/planet-mu'],Planet Mu,"Genre(s): 
Electronic
Pop/Rock
Techno Bass
Juke/Footwork",15,https://www.metacritic.com/music/black-origami/jlin/critic-reviews,83 Ratings,https://www.metacritic.com/music/black-origami/jlin/user-reviews,https://www.metacritic.com/music/black-origami/jlin/details,http://www.amazon.com/dp/B06XGX4MS3%3FSubscriptionId%3DAKIAJHSMUOWEQCQ7QDAQ%26tag%3Dmetacritic-music-20%26linkCode%3Dxm2%26camp%3D2025%26creative%3D165953%26creativeASIN%3DB06XGX4MS3
96,"Bachelor No. 2 (or, the last remains of the dodo)",Aimee Mann,89,8.6,"May 2, 2000","The third solo release from the former 'Til Tuesday leader finally made it to record stores in May 2000, after a long journey that saw Interscope refuse to release the album and Mann issue it on her own SuperEgo label (after selling it through mail order and at her live performances). All's well that ends well, though, as Mann gained widespread acclaim for her soundtrack to P.T. Anderson's film ""Magnolia"" and even better reviews for this album, which contains four of the tracks from the soundtrack as well as nine additional songs.",https://www.metacritic.com/music/bachelor-no-2-or-the-last-remains-of-the-dodo/aimee-mann,https://www.metacritic.com/person/aimee-mann,Superego,['https://www.metacritic.com/company/superego'],Superego,"Genre(s): 
Rock
Pop
Alternative",13,https://www.metacritic.com/music/bachelor-no-2-or-the-last-remains-of-the-dodo/aimee-mann/critic-reviews,34 Ratings,https://www.metacritic.com/music/bachelor-no-2-or-the-last-remains-of-the-dodo/aimee-mann/user-reviews,https://www.metacritic.com/music/bachelor-no-2-or-the-last-remains-of-the-dodo/aimee-mann/details,
97,All Mirrors,Angel Olsen,89,7.8,"October 4, 2019","The fourth full-length studio release from the North Carolina-based indie folk singer-songwriter features arrangements and production by Ben Babbitt, Jherek Bischoff, and John Congelton.",https://www.metacritic.com/music/all-mirrors/angel-olsen,https://www.metacritic.com/person/angel-olsen,Jagjaguwar,['https://www.metacritic.com/company/jagjaguwar'],Jagjaguwar,"Genre(s): 
Pop/Rock",28,https://www.metacritic.com/music/all-mirrors/angel-olsen/critic-reviews,268 Ratings,https://www.metacritic.com/music/all-mirrors/angel-olsen/user-reviews,https://www.metacritic.com/music/all-mirrors/angel-olsen/details,https://www.amazon.com/All-Mirrors-Angel-Olsen/dp/B07VRCNCW5?SubscriptionId=AKIAJHSMUOWEQCQ7QDAQ&tag=metacritic-music-20&linkCode=xm2&camp=2025&creative=165953&creativeASIN=B07VRCNCW5
98,For Those I Love,For Those I Love,89,7.7,"March 26, 2021",This is the debut full-length release for the solo project of Dublin-based producer David Balfe.,https://www.metacritic.com/music/for-those-i-love/for-those-i-love,https://www.metacritic.com/person/for-those-i-love,September Recordings,['https://www.metacritic.com/company/september-recordings'],September Recordings,"Genre(s): 
Electronic",10,https://www.metacritic.com/music/for-those-i-love/for-those-i-love/critic-reviews,32 Ratings,https://www.metacritic.com/music/for-those-i-love/for-those-i-love/user-reviews,https://www.metacritic.com/music/for-those-i-love/for-those-i-love/details,https://www.amazon.com/dp/B08W7SQ8HM?tag=metacritic-music-20&linkCode=osi&th=1&psc=1
99,Shortly After Takeoff,BC Camplight,89,8.1,"April 24, 2020","The final release for Brian Christinzio's ""Manchester Trilogy"" features contributions from Adam Dawson and Francesca Pidgeon.",https://www.metacritic.com/music/shortly-after-takeoff/bc-camplight,https://www.metacritic.com/person/bc-camplight,Bella Union,['https://www.metacritic.com/company/bella-union'],Bella Union,"Genre(s): 
Pop/Rock
Alternative/Indie Rock",10,https://www.metacritic.com/music/shortly-after-takeoff/bc-camplight/critic-reviews,43 Ratings,https://www.metacritic.com/music/shortly-after-takeoff/bc-camplight/user-reviews,https://www.metacritic.com/music/shortly-after-takeoff/bc-camplight/details,https://www.amazon.com/dp/B084CRKJRS%3FSubscriptionId%3DAKIAJHSMUOWEQCQ7QDAQ%26tag%3Dmetacritic-music-20%26linkCode%3Dxm2%26camp%3D2025%26creative%3D165953%26creativeASIN%3DB084CRKJRS
